CAR MODEL(Short Name),ORDER
ABARTH 124 '17,1
ABARTH 131,2
ABARTH 595 '68,3
ABARTH 695 '16,4
ACURA INTEGRA,1
ACURA NSX '17,2
ACURA RSX,3
ALFA GIULIA '17,1
ALFA ROMEO 155,2
ALFA ROMEO 335,3
ALFA ROMEO 4C,4
ALFA ROMEO 8C,5
ALFA ROMEO GTA,6
ALFA ROMEO TZ2,7
ALPINE A110 '17,1
ALPINE A110 '73,2
#122 AC CLASS 1,1
#6165 TRUCK,2
ALUMI CRAFT €.10,3
AMC GREMLIN,1
AMC JAVELIN,2
AMC REBEL,3
M125 WARTHOG CST,1
APOLLO IE '18,1
APOLLO IE WP,2
ARIEL ATOM,1
ARIEL NOMAD,2
ASCARI KZIR,1
AM DBII,1
AM DBS,2
AM DBRT,3
AM DBS,4
AM DBS SL '19,5
AM DBX '21,6
AMLAGONDA '90,7
AM ONE-77,8
AM VALKYRIE,9
AM VALKYRIE AMR,10
AM VANQUISH '17,11
AM VANTAGE '16,12
AM VANTAGE '19,13
AM VULCAN AMR,14
VALHALLA CONCEPT,15
VANTAGE 5 '13,16
ATS GT '18,1
#2 AUDI 51,1
AUDI QUATTRO,2
AUDI R8 '13,3
AUDI R8 V1O PLUS,4
AUDI RS 3,5
AUDI RS 3 '20,6
AUDI RS 4 '01,7
AUDI RS 4 '06,8
AUDI RS 4 '13,9
AUDI RS 5,10
AUDI RS 5 '18,11
AUDI RS 6 '03,12
AUDI RS 6 '09,13
AUDI RS 6 '15,14
AUDI RS 6 '21,15
AUDI RS 7,16
AUDI RS 7 '21,17
AUDI RS E-TRON,18
AUDI RS2 '95,19
AUDI 51,20
AUDI TT RS,21
AUDI TT RS '18,22
AUDI TT RS '20,23
AUDI TTS,24
RS 4 AVANT '18,25
SPRITE MKI,1
AUTOUNION TYPE D,1
BATTISTA '20,1
AUTOZAMAz-1 '93,1
BAC MONO,1
BENTLEY 8 LITRE,1
BENTLEY BENTAYGA,2
BENTLEY BLOWER,3
BENTLEY CONT '17,4
BENTLEY CONT GTC,5
BENTLEY TURBO R,6
FLYING SPUR '21,7
BMW #1 M8,1
BMW IM,2
BMW 850CSI,3
BMW E92 M3 GTS,4
BMW 14 '22,5
BMW 18,6
BMW ISETTA,7
BMW IX '22,8
BMW M1,9
BMW M2,10
"BMW M2 ""23",11
BMW M3-GTR,12
BMW M3 '05,13
BMW M3 '08,14
"BMW M3 ""21",15
BMW M3 '91,16
BMW M3 '97,17
BMW M4 '14,18
BMW M4 '16,19
"BMW M4 ""21",20
BMW M5 '03,21
BMW M5 '09,22
BMW M5 '12,23
BMW M5 '18,24
"BMW M5 ""22",25
"BMW M5 ""88",26
BMW M5 '95,27
BMW M6 '13,28
"BMW M6 ""86",29
BMW M8 COMP,30
BMW XS M,31
BMW XSMFE,32
BMW X6 M,33
BMW 23,34
BMW 24 '08,35
BMW 24 '19,36
BRABHAM BT62,1
BUGATTI CHIRON,1
BUGATTI DIVO,2
BUGATTI EB11O,3
BUGATTI T35 €,4
BUGATTI VEYRON,5
BUICK GSX,1
BuIck REGAL GNX,2
CADDY ATS-V,1
CADDY CTS-V '16,2
CADDY LIMO,3
CADILLAC #3 ATS,4
CADILLAC CTA-V,5
CADILLAC CTS-V,6
CTS-V WAGON'14,7
CAN-AMMAVERICK,1
NO.4402 ULTRA4,1
CATERHAM RSOO,1
#3 CHEVY C8.R,1
BARBIE CORVETTE,2
CAMARO ME '69,3
CHEVELLE '70,4
CHEVROLET ZR2,5
CHEVY 150 SEDAN,6
CHEVY BEL AIR,7
CHEVY CAMARO '15,8
CHEVY CAMARO '17,9
CHEVY CAMARO '18,10
CHEVY CAMARO '69,11
CHEVY CAMARO '70,12
CHEVY CAMARO '79,13
CHEVY EL CAMINO,14
CHEVY IMPALA,15
CHEVY IMPALA '96,16
CHEVY K10 '72,17
CHEVY MONTECARLO,18
CHEVY NOVA '66,19
CHEVY NOVA '69,20
CHEVY TRAIL BOSS,21
COPO CAMARO '18,22
CORVETTE '02,23
CORVETTE '09,24
CORVETTE '15,25
CORVETTE '19,26
CORVETTE '53 FE,27
CORVETTE '60,28
CORVETTE '67,29
CORVETTE '70,30
CORVETTE '95,31
CORVETTE C8 '20,32
CORVETTE E-RAY,33
CORVETTE Z06 '23,34
PRO STOCK CAMARO,35
CITROEN BX4TC,1
FORMENTOR '22,1
"TAVASCAN ""22",2
URBANREBEL '22,3
CZINGER 21C,1
DATSUN 510,1
C1O SLAYER '65,1
DD TACOMA TRD,2
DEBERTI F-150,3
DEBERTI F-250,4
DEBERTI SHOP ROD,5
DEBERTI WRANGLER,6
FORD MUSTANG DD,7
SILVERADO DD,8
DELOREAN DMC-12,1
CHALLENGER '15,1
CHALLENGER '70,2
CHARGER '69 FE,3
CHARGER DAYTONA,4
DODGE CHARGER '69,5
DODGE CHARGER 15,6
DODGE DURANGO,7
DODGE MAGNUM,8
DODGE SRT DEMON,9
DODGE SUPER BEE,10
DODGE VIPER '08,11
DODGE VIPER '13,12
DODGE VIPER '16,13
SRT DURANGO '21,14
VIPER '13 AE,15
DONKERVOORT GTO,1
DS 23,1
EAGLE SPEEDSTER,1
ELEMENTAL RPI,1
EXOCET OFF-ROAD,1
EXOCET OR FE,2
NO.125 EXTREME E,1
NO.22 EXTREME E,2
NO.23 EXTREME E,3
NO.42 EXTREME E,4
NO.44 EXTREME E,5
NO.5 EXTREME E,6
NO.55 EXTREME E,7
NO.58 EXTREME E,8
NO.6 EXTREME E,9
NO.99 EXTREME E,10
FAF 2402,1
FAF CHARGER,2
FAF FLIP CAR,3
FAF HELLCAT,4
FAF IMPALA,5
#24 FERRARI P4,1
488 PISTA '19,2
F8 TRIBUTO '19,3
FERRARI #62 488,4
FERRARI 250 CALI,5
FERRARI 250 GT,6
FERRARI 250 TR,7
FERRARI 288 GTO,8
FERRARI 296 GTB,9
FERRARI 360 CS,10
FERRARI 365 GTB4,11
FERRARI 430 5,12
FERRARI 458,13
FERRARI 458 5,14
FERRARI 488 GTB,15
FERRARI 512 5,16
FERRARI 512TR,17
FERRARI 575M,18
FERRARI 599 GTO,19
FERRARI 599XX,20
FERRARI 599XX E,21
FERRARI 812,22
FERRARI CALI T,23
FERRARI DINO,24
FERRARI ENZO,25
FERRARI F12TDF,26
FERRARI F355,27
FERRARI F4O,28
FERRARI F5O,29
FERRARI F5o GT,30
FERRARI FXX,31
FERRARI FXX-KE,32
FERRARI FXX K,33
FERRARI GTCAL,34
FERRARI J50 '17,35
FERRARI MONZA,36
FERRARI ROMA,37
LAFERRARI,38
NO.25 FERRARI 488,39
PORTOFINO '18,40
SF9O STRADALE,41
FIAT 124 SPIDER,1
FIAT DINO,2
#11FORD F-150,1
#2 FORD GT4O,2
#2069 BRONCO R,3
#25 FORD BRONCO,4
#25 RTR MUSTANG,5
#4 FORD FOCUS,6
#5 ESCORT '77,7
#66 FORD GT,8
#88 RTR MUSTANG,9
BRONCO R WP,10
BRONCO RAPTOR,11
CROWN VICTORIA,12
F-150 LIGHTNING,13
FORD ANGLIA '59,14
FORD BRONCO,15
FORD BRONCO '21,16
FORD CAPRI MKI,17
FORD CORTINA,18
FORD COUPE '32,19
FORD COUPE '40,20
FORD COUPE FE,21
FORD DARK HORSE,22
FORD ESCORT '73,23
FORD ESCORT '77,24
FORD ESCORT '92,25
FORD ESCORT RS,26
FORD F-150 '86,27
FORD FALCON '15,28
FORD FALCON '72,29
FORD FIESTA '14,30
FORD FIESTA '23,31
FORD FIESTA '81,32
FORD FIESTA RS,33
FORD FOCUS '03,34
FORD FOCUS '09,35
FORD FOCUS '17,36
FORD FOCUS '22,37
FORD GT '05,38
FORD GT '17,39
FORD GT4O '64,40
FORD GT5OO '20,41
FORD GT70 '70,42
FORD LIGHTNING,43
FORD MACH-E 1400,44
FORD MUSTANG '00,45
FORD MUSTANG '13,46
FORD MUSTANG '16,47
FORD MUSTANG '18 ,48
FORD MUSTANG '24,49
FORD MUSTANG '65,50
FORD MUSTANG '69,51
FORD MUSTANG '71,52
FORD MUSTANG '93,53
FORD MUSTANG 55,54
FORD MUSTANG SVO,55
FORD PUMA FE,56
FORD RACING PUMA,57
FORD RANGER T6,58
FORD RAPTOR '11,59
FORD RAPTOR '17,60
FORD RAPTOR R,61
FORD RS2OO,62
FORD RSSOO,63
FORD SD F-450,64
FORD SUPERVAN 3,65
FORD SUPERVAN4,66
FORD TRANSIT MKI,67
FORD TRANSIT SSV,68
FORD UTE '14,69
FORD WAGON,70
FORD XB FALCON,71
"MUSTANG SVT ""03",72
NO.14 FORD FIESTA,73
RANGER RAPTOR,74
SUPERVAN 3 DME,75
#13 FORD MUSTANG,1
#151FD SUPRA,2
#34 TOYOTA SUPRA,3
#357 CORVETTE,4
#411FD COROLLA,5
#43 DODGE VIPER,6
#51 NISSAN 240SX,7
#530 HSV MALOO,8
#64 NISSAN 3702,9
#64 NISSANZ,10
#777 CORVETTE,11
#777 NISSAN 240,12
#98 BMW 3251,13
#99 MAZDA RX-8,14
FORMULA D 599,15
NO.91 BMW M2,16
'SAFARIZ' 3702,1
ALTIMANIAC,2
DATSUN 2802,3
FR STOCK CAR,4
FUNCO F9,1
GINETTA 610 RM,1
BARBIE HUMMER EV,1
GMC SYCLONE,2
GMC TYPHOON,3
GMC VANDURA,4
HUMMER EV TRUCK,5
GMA T.50,1
HDT VK COMMODORE,1
EXORCIST '19,1
VELOCIRAPTOR '19,2
VENOMFS,3
VENOM GT,4
HOLDEN MONARO,1
HOLDEN SANDMAN,2
HOLDEN TORANA,3
HONDA CIvIC,1
HONDA CIVIC '04,2
HONDA CIVIC '07,3
HONDA CIVIC '16,4
HONDA CIVIC '18,5
HONDA CIVIC '74,6
HONDA CIVIC '84,7
HONDA CIVIC '97,8
HONDA CR-X,9
HONDA NSX-R '05,10
HONDA NSX-R '92,11
HONDA NSX-R GT,12
HONDA PRELUDE 94,13
HONDA 52000,14
HONDA 52000,15
HONDA TROPHY '15,16
GYMKHANATO FOCUS,1
HOONICORN,2
HOONICORN V2,3
HOONIGAN BEL AIR,4
HOONIGAN COSSIE,5
HOONIGAN ESCORT,6
HOONIGAN F-150,7
HOONIGAN FOCUS,8
HOONIGAN GROUP A,9
HOONIGAN NOVA,10
HOONIGAN PORSCHE,11
HOONIGAN RS2OO,12
HOONIGAN SCUMBUG,13
TWERKSTALLION,14
2JETZ,1
BAJA BONE SHAKER,2
BONE SHAKER,3
FORD DUALLY HW,4
HOT WHEELS BTTB,5
HOT WHEELS DEORA,6
HOT WHEELS METRO,7
HW FORD MUSTANG,8
HW TRANS AM,9
RIP ROD,10
TWIN MILL,11
HSV GEN-F GTS,1
HSV MALOO '14,2
HUMMER HI,1
#98 ELANTRA,1
HYUNDAI [30 N,2
HYUNDAI KONA '22,3
IONIQ 5 N '23,4
IONIQ6 '22,5
NVISION 74 '22,6
VELOSTER N,7
INFINITI 060,1
IH SCOUT 800A,1
DAVINCI,1
ID ZEROUNO '18,2
JAG F-TYPE SVR,1
JAG.XE P8 '19,2
JAGUAR €-TYPE,3
JAGUAR €-X75,4
JAGUAR D-TYPE,5
JAGUAR E-TYPE,6
JAGUAR F-PACE $,7
JAGUAR F-TYPE,8
JAGUAR |-PACE,9
JAGUAR LW E-TYPE,10
JAGUAR MK II 3.8,11
JAGUAR PROJECT 7,12
JAGUAR XE-S,13
JAGUAR XFR-S,14
JAGUAR XJ13,15
JAGUAR XJ220,16
JAGUAR XJ2205,17
JAGUAR XKR-S '12,18
JAGUAR XKR-5 '15,19
CHEROKEE '14,1
JEEP CJ5,2
JEEP GLADIATOR,3
JEEP TRACKHAWK,4
JEEP TRAILCAT,5
JEEP WRANGLER,6
#179 HAMMERHEAD,1
#240 JIMCO TT,2
"KIA EV6 GT ""23",1
AGERA RS,1
KOENIGSEGG AGERA,2
KOENIGSEGG cc8S,3
KOENIGSEGG CCGT,4
KOENIGSEGG CCX,5
KOENIGSEGG JESKO,6
KOENIGSEGG ONE,7
REGERA,8
KTM X-BOW,1
KTMX-BOW GT4,2
X-BOW GT2,3
#63 LAMBO TROFEO,1
AVENTADOR '12,2
AVENTADOR '16,3
AVENTADOR J,4
AVENTADOR SVJ,5
DIABLO GTR,6
ESPADA 400GT '73,7
GALLARDO SPYDER,8
HURACAN EVO,9
HURACAN STO,10
HURACAN TECNICA,11
"L.AVENTADOR ""21",12
L; COUNTACH '21,13
LAMBO CENTENARIO,14
LAMBO COUNTACH,15
LAMBO DIABLO SV,16
LAMBO GALLARDO,17
LAMBO HURACAN,18
LAMBO HURACANP,19
LAMBO LM002,20
LAMBO MIURA,21
LAMBO MURCIELAGO,22
LAMBO REVENTON,23
LAMBO 5C20,24
LAMBO SCV12,25
LAMBO SESTO,26
LAMBO SESTO FE,27
LAMBO SIAN R,28
LAMBO VENENO,29
URUS '19,30
LANCIA 037,1
LANCIA DELTA,2
LANCIA DELTA 54,3
LANCIA FULVIA,4
LANCIA STRATOS,5
LAND ROVER VELAR ,1
LR DEFENDER,2
LR DEFENDER '20,3
LR SERIES III,4
RANGE ROVER '15,5
RANGE ROVER '73,6
LEXUS #14 RC F,1
LEXUS LC 500 '21,2
LEXUS LFA,3
LEXUS RC F,4
"LEXUS RC F ""20",5
LEXUS SC300,6
CONTINENTAL '62,1
RALLY FIGHTER,1
#6 LOLA T70,1
LOTUS 2-ELEVEN,1
LOTUS 3-ELEVEN,2
LOTUS 340R,3
LOTUS ELAN,4
LOTUS ELISE '99,5
LOTUS ELISE GTI,6
LOTUS EMIRA,7
LOTUS ESPRIT,8
LOTUS ESPRIT '80,9
LOTUS EVIJA '20,10
LOTUS EXIGE $,11
LUcID AIR,1
LYNK & CO 02 HB,1
LYNK & CO 03+,2
LYNK & CO 05+,3
NO: 100 LYNKSCO 03,4
MASERATI 8CTF,1
MASERATI GT-S,2
MASERATI GTS FE,3
MASERATI LEVANTE,4
MC12 CORSA '08,5
MAZDA 323 GT-R,1
MAZDA MX-5 '05,2
MAZDA MX-5 '13,3
MAZDA MX-5 '16,4
MAZDA MX-5 '94,5
MAZDA MX-5 RF,6
MAZDA RX-7 '90,7
MAZDA RX-7 '97,8
MAZDA RX-8,9
RX-7 SPIRIT R,10
6505 SPIDER,1
7205 SPIDER,2
"MCL. ARTURA ""23",3
MCL. SABRE '21,4
MCLAREN 12C,5
MCLAREN 5705,6
MCLAREN 6OOLT,7
MCLAREN 620R,8
MCLAREN 6505,9
MCLAREN 7205,10
MCLAREN 765LT,11
MCLARENF1,12
MCLAREN F1 GT,13
MCLAREN GT,14
MCLARENPI,15
MCLAREN SENNA,16
SPEEDTAIL '19,17
AMG GT BLACK,1
M-AMG GT3,2
M-AMG SL 63 '21,3
M-BAMG C 63 '16,4
M-BAMG GT,5
M-BAMG GTR,6
M-BGT 4'18,7
MERCEDES-AMG E63,8
MERCEDES-AMG ONE,9
#24M-B TRUCK,1
#24M-B TRUCK FE,2
AMG HAMMER COUPE,3
AMG HAMMER WAGON,4
M-B 190E,5
M-B280 SL,6
M-B 300 SLR,7
M-B 300SL,8
M-B 500 E,9
M-BA45,10
M-BC63,11
M-BCLK-GTR,12
M-B CLK-GTR FE,13
M-BE 55 AMG,14
M-BE63,15
M-BG 63 6X6,16
M-BG 65,17
M-B SL6S,18
M-B SLK,19
M-B SLS AMG,20
M-B SSK,21
M-B UNIMOG,22
M-BW154,23
M-BX-CLASS,24
MERCURY CYCLONE,1
MEYERS MANX,1
MEYERS MANX2.0,2
MEYERS MANX FE,3
#20 MG MG6,1
MG CYBERSTER,2
MG METRO 6R4,3
MG MG3,4
MG MG7,5
MG SV-R '05,6
MG6 XPOWER,7
MINI '65,1
MINI '65 FE,2
MINI COUNTRYMAN,3
MINI JCW '09,4
MINI JCW '12,5
MINI JCW BUGGY,6
MINI JCW GP '21,7
MINI X-RAID,8
#1EVOLUTION TA,1
ECLIPSE GSX,2
GALANT VR-4,3
LANCER GSR '08,4
LANCER GSR '99,5
LANCER GSR WP,6
LANCER MR '04,7
LANCER MR '06,8
MIT. EVO III '95,9
MITSUBISHI FTO,10
MITSUBISHI GTO,11
MONTERO EVO,12
STARION ESI-R,13
MORGAN 3 WHEELER,1
MORGAN AERO GT,2
MORRIS MINOR,1
MORRIS MINOR FE,2
MORRIS TRAVELER,3
MORRIS TRAVELLER,4
MOSLER MT9OO GT3,1
MOSLER MT9OOS,2
NAPIER RAILTON,1
NIO EP9,1
#23 NISSAN RR,1
3502 HI CAR,2
3502 LOW CAR,3
FAIRLADY Z '03,4
FAIRLADY Z '69,5
FAIRLADY 2 '94,6
FAIRLADY ZFE,7
N: STAGEA '97,8
NISSAN 240SX,9
NISSAN 3702,10
NISSAN 3702 '19,11
NISSAN GT-R '02,12
NISSAN GT-R '12,13
NISSAN GT-R '17,14
NISSAN GT-R '71,15
NISSAN GT-R '73,16
NISSAN GT-R '93,17
NISSAN GT-R '95,18
NISSAN GT-R '97,19
NISSAN GTR '20,20
NISSAN GTS-R '87,21
NISSAN PULSAR,22
NISSAN R390,23
NISSAN SAFARI,24
NISSAN SENTRA,25
NISSAN TITAN,26
NISSAN TSURU '10,27
NISSAN 2 '23,28
SILVIA '00,29
SILVIA '92,30
SILVIA '94,31
SILVIA '98,32
Z NISMO '24,33
NOBLE M4Oo,1
NOBLE M6OO,2
TORONADO '66,1
OPEL MANTA 400,1
"HUAYRA R ""22",1
PAGANI HUAYRA,2
PAGANI HUAYRA BC,3
PAGANI HUAYRA FE,4
PAGANI ZONDA €,5
PAGANI ZONDA R,6
ZONDA OREO,7
PEEL P5O,1
PEEL TRIDENT,2
PENHALL CHOLLA,1
PEUGEOT 205 R,1
PEUGEOT 205T16,2
PEUGEOT 207 5,3
BARRACUDA,1
BELVEDERE '64,2
PLYMOUTH CUDA,3
PLYMOUTH FURY,4
POLARIS RZR PRO,1
RZR 1000,2
RZR RACING,3
FIREBIRD '68,1
FIREBIRD TA FE,2
PONTIAC GTO '65,3
PONTIAC GTO '69,4
PONTIAC TIA '73,5
PONTIAC TIA '77,6
PONTIAC TIA '87,7
#185 PORSCHE 959,1
#23 PORSCHE 917,2
#65 911 DESERT,3
#70 PORSCHE 935,4
#92 PORSCHE RSR,5
911 6T2 '95,6
911 6T2 RS '12,7
911 6T2 RS '18,8
911613 '04,9
"911613 ""21",10
911G13 R '23,11
911613 RS '16,12
911613 RS '19,13
911613 RS FE,14
9116T3 RS4 '12,15
911 SPEEDSTER,16
911 TURBO '14,17
911 TURBO '82,18
"911 TURBO 5 ""23",19
CAYMAN GT4 RS,20
EMORY 356 € '64,21
MACAN TURBO '19,22
P.911 6T3 RS 23,23
P.911 RALLYE,24
PORSCHE 356 '59,25
PORSCHE 356 SL,26
PORSCHE 550,27
PORSCHE 718 GTS,28
PORSCHE 906 '66,29
PORSCHE 911 '19,30
PORSCHE 911 '90,31
PORSCHE 911 GT1,32
PORSCHE 911 SC,33
PORSCHE 911C2 GW,34
PORSCHE 914/6,35
PORSCHE 917 LH,36
PORSCHE 918,37
PORSCHE 944,38
PORSCHE 959,39
PORSCHE 968,40
PORSCHE CARRERA,41
PORSCHE CAYENNE,42
PORSCHE CAYMAN,43
PORSCHE CAYMAN,44
PORSCHE 613 R,45
PORSCHE MACAN RR,46
PORSCHE MISSIONR,47
PORSCHE PANAMERA,48
PORSCHE TAYCAN S,49
TAYCAN CT '23,50
TAYCAN S WP,51
RADICAL RXC,1
RAESR TS '19,1
RAM POWER WAGON,1
RELIANT SUPERVAN,1
MEGANE RS:'18,1
MEGANE R26.R,2
MEGANE RS 250,3
RENAULT 5 TURBO,4
RENAULT 8,5
RENAULT CLIO '10,6
RENAULT CLIO '13,7
RENAULT CLIO '16,8
RENAULT CLIO '93,9
RIMAC CONCEPT 2,1
RIMAC NEVERA,2
RIVIAN R1S,1
RIVIAN RIT,2
#37 PRO 2 TRUCK,1
#37 PRO 4 TRUCK,2
ROSSION Q1,1
SALEEN 51 '18,1
SALEEN 57,2
SALEEN 57 LM,3
SPORTRUCK XR,4
SCHUPPAN 962CR,1
SHELBY COBRA 427,1
SHELBY DAYTONA,2
SHELBY GTSOO '67,3
#23 SIERRA ALPHA,1
SIERRA 7OOR,2
SIERRA RX3,3
GTA SPANO,1
SUBARU 22B,1
SUBARU BRAT,2
SUBARU BRZ,3
SUBARU BRZ '22,4
SUBARU LEGACY RS,5
SUBARU STI ARX,6
SUBARU STI 5209,7
SUBARU SVX,8
SUBARU WRX '04,9
SUBARU WRX '05,10
SUBARU WRX '08,11
SUBARU WRX '11,12
SUBARU WRX '15,13
SUBARU WRX '22,14
CHASER GT TT '91,1
SOARER '97,2
SPORTS 800 '65,3
SUPRA '98 WP,4
TOYOTA 2000GT,5
TOYOTA 4RUNNER,6
TOYOTA 86,7
TOYOTA AT37,8
TOyOTA AT38,9
TOYOTA CAMRY '23,10
TOYOTA CELICA'03,11
TOyOTA CELICA'74,12
TOYOTA CELICA'92,13
TOYOTA CELICA'94,14
TOYOTA FJ4O,15
TOYOTA GR YARIS,16
TOYOTA Gr86 '22,17
TOYOTA MR2 '89,18
TOYOTA MR2 '95,19
TOYOTA SERA '91,20
TOYOTA SUPRA '20,21
TOYOTA SUPRA '92,22
TOYOTA SUPRA '98,23
TOYOTA TACOMA,24
TOyOtA TRUENO,25
TOyOTA TUNDRA,26
TvR GRIFFITH,1
TVR SAGARIS,2
TVR SPEED 12,3
ULTIMA 1020,1
BTTF 1 TM,1
BTTF 2 TM,2
BTTF 3 TM,3
JEEP WRANGLER JP,4
KLTT,5
VAUX CARLTON,1
VAUXCORSA '16,2
VAUXHALL MONARO,3
#1107 VW BUG,1
#34 VW BEETLE,2
BEETLE '63 FE,3
VW CLASS 5 BUG ,4
VW CORRADO,5
VW DOKA '66,6
VW GOLF '03,7
VW GOLF '92,8
VW GOLF '98,9
VW GOLF GTI '83,10
VW GOLF R '10,11
VW GOLF R '14,12
"VW GOLF R ""21",13
VW GOLF R '22,14
VW ID.4 '21,15
VW PICKUP '82,16
VW SANTANA '12,17
VW SciROCCO '11,18
VW SciROCCO '81,19
VW Sp-2 '76,20
VW THING '73,21
VW TYPE 2,22
VOLVO 242 TURBO,1
VOLVO 850,2
VOLVO CzOP,3
VOLVO V6O,4
VUHL O5RR,1
LYKAN HYPERSPORT,1
WILLYS JEEP,1
WULING MINI EV,1
WULING SUNSHINE,2
XPENG P7,1
ZENVO ST1,1
ZENVO TSR-S,2
